"recipe_name","avg_rating"
"Chana Masala","5.0000000000000000"
"Guacamole","5.0000000000000000"
"Coleslaw","4.0000000000000000"
"Butter Chicken","4.0000000000000000"
"Bruschetta","5.0000000000000000"
"Spaghetti Carbonara","5.0000000000000000"
"Caprese Salad","4.0000000000000000"
"Butter Naan","4.0000000000000000"
"Tacos","4.0000000000000000"
